Category,Predicted_Next_Month_Spend
Marketing,18851.600000000002
Operations,51953.236666666664
Payroll,129880.59000000001
Software,12731.646666666667
